<?xml version="1.0" encoding="UTF-8"?>
<project-private xmlns="http://www.netbeans.org/ns/project-private/1">
    <editor-bookmarks xmlns="http://www.netbeans.org/ns/editor-bookmarks/2" lastBookmarkId="0"/>
    <open-files xmlns="http://www.netbeans.org/ns/projectui-open-files/2">
        <group>
            <file>file:/C:/Users/ASUS/OneDrive/PBO%20modul%203/UTS_Riyyan_23_164/src/UTS2.java</file>
            <file>file:/C:/Users/ASUS/OneDrive/PBO%20modul%203/UTS_Riyyan_23_164/src/UTS1.java</file>
            <file>file:/C:/Users/ASUS/OneDrive/PBO%20modul%203/UTS_Riyyan_23_164/src/uts_riyyan_23_164/UTS_Riyyan_23_164.java</file>
        </group>
    </open-files>
</project-private>
